Sensor,EMM
T,0.7088518749999975
W,0.7251943749999936
H,0.6515929166666619
