Modelo,EMM
Random Forest,0.7339411111111049
XGBoost,0.7332247222222169
CNN ESANN,0.6196005555555506
CNN CAPTURE-24,0.6940858333333315
