NumClases,EMM
15,0.626029166666661
4,0.7643969444444408
