Config,EMM
Acc,0.6539383333333301
Acc+Gyro,0.7364877777777717
